id;pos_documento
1;[[['A', 'segurança', 'cibernética', 'tornou-se', 'um', 'dos', 'pilares', 'fundamentais', 'da', 'sociedade', 'contemporânea', ',', 'pois', 'vivemos', 'em', 'um', 'mundo', 'cada', 'vez', 'mais', 'conectado', ',', 'onde', 'informações', 'pessoais', ',', 'financeiras', 'e', 'corporativas', 'circulam', 'constantemente', 'em', 'redes', 'digitais', 'que', 'precisam', 'ser', 'protegidas', 'contra', 'ameaças', 'crescentes', '.'], ['DET', 'NOUN', 'ADJ', 'VERB', 'NUM', 'ADP', 'NOUN', 'ADJ', 'ADP', 'NOUN', 'ADJ', 'PUNCT', 'SCONJ', 'VERB', 'ADP', 'DET', 'NOUN', 'NOUN', 'ADP', 'ADV', 'ADJ', 'PUNCT', 'PRON', 'NOUN', 'ADJ', 'PUNCT', 'ADJ', 'CCONJ', 'ADJ', 'VERB', 'ADV', 'ADP', 'NOUN', 'ADJ', 'PRON', 'VERB', 'AUX', 'VERB', 'ADP', 'NOUN', 'ADJ', 'PUNCT'], ['tornou-se', 'vivemos', 'circulam', 'precisam ser', 'protegidas'], ['o', 'segurança', 'cibernético', 'tornar se', 'um', 'de o', 'pilar', 'fundamental', 'de o', 'sociedade', 'contemporâneo', ',', 'pois', 'viver', 'em', 'um', 'mundo', 'cada', 'vez', 'mais', 'conectado', ',', 'onde', 'informação', 'pessoal', ',', 'financeiro', 'e', 'corporativo', 'circular', 'constantemente', 'em', 'rede', 'digital', 'que', 'precisar', 'ser', 'protegir', 'contra', 'ameaça', 'crescente', '.']]]
2;[[['Com', 'a', 'expansão', 'da', 'internet', 'e', 'a', 'digitalização', 'de', 'serviços', ',', 'surgiram', 'novas', 'oportunidades', 'para', 'criminosos', 'explorarem', 'vulnerabilidades', ',', 'utilizando', 'técnicas', 'sofisticadas', 'como', 'phishing', ',', 'ransomware', 'e', 'engenharia', 'social', ',', 'que', 'podem', 'comprometer', 'dados', 'sensíveis', 'e', 'causar', 'prejuízos', 'irreparáveis', 'às', 'vítimas', '.'], ['ADP', 'DET', 'NOUN', 'ADP', 'PROPN', 'CCONJ', 'DET', 'NOUN', 'ADP', 'NOUN', 'PUNCT', 'VERB', 'ADJ', 'NOUN', 'ADP', 'NOUN', 'VERB', 'NOUN', 'PUNCT', 'VERB', 'NOUN', 'VERB', 'ADP', 'NOUN', 'PUNCT', 'NOUN', 'CCONJ', 'NOUN', 'ADJ', 'PUNCT', 'PRON', 'VERB', 'VERB', 'NOUN', 'ADJ', 'CCONJ', 'VERB', 'NOUN', 'ADJ', 'ADP', 'NOUN', 'PUNCT'], ['surgiram', 'explorarem', 'utilizando', 'sofisticadas', 'podem comprometer', 'causar'], ['com', 'o', 'expansão', 'de o', 'Internet', 'e', 'o', 'digitalização', 'de', 'serviço', ',', 'surgir', 'novo', 'oportunidade', 'para', 'criminoso', 'explorar', 'vulnerabilidade', ',', 'utilizar', 'técnica', 'sofisticar', 'como', 'phishing', ',', 'ransomware', 'e', 'engenharia', 'social', ',', 'que', 'poder', 'comprometer', 'dado', 'sensível', 'e', 'causar', 'prejuízo', 'irreparável', 'a o', 'vítima', '.']]]
3;[[['Empresas', 'de', 'todos', 'os', 'portes', 'enfrentam', 'desafios', 'constantes', 'para', 'proteger', 'suas', 'infraestruturas', 'digitais', ',', 'investindo', 'em', 'firewalls', ',', 'sistemas', 'de', 'criptografia', ',', 'monitoramento', 'em', 'tempo', 'real', 'e', 'programas', 'de', 'conscientização', 'para', 'funcionários', ',', 'que', 'muitas', 'vezes', 'são', 'o', 'elo', 'mais', 'fraco', 'da', 'cadeia', 'de', 'segurança', '.'], ['NOUN', 'ADP', 'DET', 'DET', 'NOUN', 'VERB', 'NOUN', 'ADJ', 'SCONJ', 'VERB', 'DET', 'NOUN', 'ADJ', 'PUNCT', 'VERB', 'ADP', 'NOUN', 'PUNCT', 'NOUN', 'ADP', 'NOUN', 'PUNCT', 'NOUN', 'ADP', 'NOUN', 'ADJ', 'CCONJ', 'NOUN', 'ADP', 'NOUN', 'ADP', 'NOUN', 'PUNCT', 'PRON', 'DET', 'NOUN', 'AUX', 'DET', 'NOUN', 'ADV', 'ADJ', 'ADP', 'NOUN', 'ADP', 'NOUN', 'PUNCT'], ['enfrentam', 'proteger', 'investindo'], ['empresa', 'de', 'todo', 'o', 'porte', 'enfrentar', 'desafio', 'constante', 'para', 'proteger', 'seu', 'infraestrutura', 'digital', ',', 'investir', 'em', 'firewall', ',', 'sistema', 'de', 'criptografia', ',', 'monitoramento', 'em', 'tempo', 'real', 'e', 'programa', 'de', 'conscientização', 'para', 'funcionário', ',', 'que', 'muito', 'vez', 'ser', 'o', 'elo', 'mais', 'fraco', 'de o', 'cadeia', 'de', 'segurança', '.']]]
4;[[['A', 'conscientização', 'dos', 'usuários', 'é', 'tão', 'importante', 'quanto', 'a', 'tecnologia', 'empregada', ',', 'pois', 'um', 'simples', 'clique', 'em', 'um', 'link', 'suspeito', 'pode', 'abrir', 'portas', 'para', 'invasores', ',', 'comprometendo', 'não', 'apenas', 'dados', 'pessoais', ',', 'mas', 'também', 'informações', 'estratégicas', 'de', 'organizações', 'inteiras', '.'], ['DET', 'NOUN', 'ADP', 'NOUN', 'AUX', 'ADV', 'ADJ', 'ADV', 'DET', 'NOUN', 'VERB', 'PUNCT', 'SCONJ', 'DET', 'ADJ', 'VERB', 'ADP', 'DET', 'NOUN', 'ADJ', 'VERB', 'VERB', 'NOUN', 'ADP', 'NOUN', 'PUNCT', 'VERB', 'ADV', 'ADV', 'NOUN', 'ADJ', 'PUNCT', 'CCONJ', 'ADV', 'NOUN', 'ADJ', 'ADP', 'NOUN', 'ADJ', 'PUNCT'], ['importante', 'empregada', 'clique', 'pode abrir', 'comprometendo'], ['o', 'conscientização', 'de o', 'usuário', 'ser', 'tão', 'importante', 'quanto', 'o', 'tecnologia', 'empregado', ',', 'pois', 'um', 'simples', 'clique', 'em', 'um', 'link', 'suspeito', 'poder', 'abrir', 'porta', 'para', 'invasor', ',', 'comprometer', 'não', 'apenas', 'dado', 'pessoal', ',', 'mas', 'também', 'informação', 'estratégico', 'de', 'organização', 'inteiro', '.']]]
5;[[['A', 'educação', 'digital', 'deve', 'ser', 'vista', 'como', 'prioridade', ',', 'ensinando', 'práticas', 'seguras', 'como', 'a', 'criação', 'de', 'senhas', 'fortes', ',', 'uso', 'de', 'autenticação', 'em', 'dois', 'fatores', ',', 'atualização', 'constante', 'de', 'softwares', 'e', 'desconfiança', 'diante', 'de', 'mensagens', 'ou', 'ofertas', 'aparentemente', 'milagrosas', '.'], ['DET', 'NOUN', 'ADJ', 'VERB', 'AUX', 'VERB', 'ADP', 'NOUN', 'PUNCT', 'VERB', 'NOUN', 'ADJ', 'ADP', 'DET', 'NOUN', 'ADP', 'NOUN', 'ADJ', 'PUNCT', 'NOUN', 'ADP', 'NOUN', 'ADP', 'NUM', 'NOUN', 'PUNCT', 'NOUN', 'ADJ', 'ADP', 'NOUN', 'CCONJ', 'NOUN', 'ADV', 'ADP', 'NOUN', 'CCONJ', 'NOUN', 'ADV', 'ADJ', 'PUNCT'], ['deve ser vista', 'ensinando'], ['o', 'educação', 'digital', 'dever', 'ser', 'ver', 'como', 'prioridade', ',', 'ensinar', 'prática', 'seguro', 'como', 'o', 'criação', 'de', 'senha', 'forte', ',', 'uso', 'de', 'autenticação', 'em', 'dois', 'fator', ',', 'atualização', 'constante', 'de', 'software', 'e', 'desconfiança', 'diante', 'de', 'mensagem', 'ou', 'oferta', 'aparentemente', 'milagroso', '.']]]
6;[[['Governos', 'desempenham', 'papel', 'essencial', 'na', 'proteção', 'de', 'dados', ',', 'criando', 'legislações', 'como', 'a', 'LGPD', 'no', 'Brasil', 'e', 'o', 'GDPR', 'na', 'União', 'Europeia', ',', 'que', 'estabelecem', 'regras', 'claras', 'para', 'o', 'tratamento', 'responsável', 'das', 'informações', 'pessoais', 'e', 'corporativas', '.'], ['NOUN', 'VERB', 'NOUN', 'ADJ', 'ADP', 'NOUN', 'ADP', 'NOUN', 'PUNCT', 'VERB', 'NOUN', 'ADP', 'DET', 'PROPN', 'ADP', 'PROPN', 'CCONJ', 'DET', 'PROPN', 'ADP', 'PROPN', 'PROPN', 'PUNCT', 'PRON', 'VERB', 'NOUN', 'ADJ', 'ADP', 'DET', 'NOUN', 'ADJ', 'ADP', 'NOUN', 'ADJ', 'CCONJ', 'ADJ', 'PUNCT'], ['desempenham', 'criando', 'estabelecem'], ['Governos', 'desempenhar', 'papel', 'essencial', 'em o', 'proteção', 'de', 'dado', ',', 'criar', 'legislação', 'como', 'o', 'LGPD', 'em o', 'Brasil', 'e', 'o', 'GDPR', 'em o', 'União', 'Europeia', ',', 'que', 'estabelecer', 'regra', 'claro', 'para', 'o', 'tratamento', 'responsável', 'de o', 'informação', 'pessoal', 'e', 'corporativo', '.']]]
7;[[['Essas', 'leis', 'obrigam', 'empresas', 'a', 'adotarem', 'medidas', 'de', 'segurança', 'robustas', ',', 'garantindo', 'transparência', 'no', 'uso', 'de', 'dados', 'e', 'responsabilizando', 'organizações', 'que', 'não', 'cumpram', 'requisitos', 'mínimos', 'de', 'proteção', ',', 'fortalecendo', 'a', 'confiança', 'dos', 'cidadãos', 'no', 'ambiente', 'digital', '.'], ['DET', 'NOUN', 'VERB', 'NOUN', 'SCONJ', 'VERB', 'NOUN', 'ADP', 'NOUN', 'ADJ', 'PUNCT', 'VERB', 'NOUN', 'ADP', 'NOUN', 'ADP', 'NOUN', 'CCONJ', 'VERB', 'NOUN', 'PRON', 'ADV', 'VERB', 'NOUN', 'ADJ', 'ADP', 'NOUN', 'PUNCT', 'VERB', 'DET', 'NOUN', 'ADP', 'NOUN', 'ADP', 'NOUN', 'ADJ', 'PUNCT'], ['obrigam', 'adotarem', 'garantindo', 'responsabilizando', 'cumpram', 'fortalecendo'], ['esse', 'lei', 'obrigar', 'empresa', 'a', 'adotar', 'medida', 'de', 'segurança', 'robusta', ',', 'garantir', 'transparência', 'em o', 'uso', 'de', 'dado', 'e', 'responsabilizar', 'organização', 'que', 'não', 'cumprer', 'requisito', 'mínimo', 'de', 'proteção', ',', 'fortalecer', 'o', 'confiança', 'de o', 'cidadão', 'em o', 'ambiente', 'digital', '.']]]
8;[[['A', 'cibersegurança', 'nacional', 'também', 'é', 'uma', 'preocupação', 'crescente', ',', 'pois', 'ataques', 'direcionados', 'a', 'infraestruturas', 'críticas', ',', 'como', 'energia', ',', 'saúde', 'e', 'transporte', ',', 'podem', 'gerar', 'crises', 'de', 'grandes', 'proporções', ',', 'afetando', 'diretamente', 'a', 'vida', 'de', 'milhões', 'de', 'pessoas', '.'], ['DET', 'NOUN', 'ADJ', 'ADV', 'AUX', 'DET', 'NOUN', 'ADJ', 'PUNCT', 'SCONJ', 'NOUN', 'VERB', 'ADP', 'NOUN', 'ADJ', 'PUNCT', 'ADP', 'NOUN', 'PUNCT', 'NOUN', 'CCONJ', 'NOUN', 'PUNCT', 'VERB', 'VERB', 'NOUN', 'ADP', 'ADJ', 'NOUN', 'PUNCT', 'VERB', 'ADV', 'DET', 'NOUN', 'ADP', 'NUM', 'ADP', 'NOUN', 'PUNCT'], ['direcionados', 'podem gerar', 'afetando'], ['o', 'cibersegurança', 'nacional', 'também', 'ser', 'um', 'preocupação', 'crescente', ',', 'pois', 'ataque', 'direcionar', 'a', 'infraestrutura', 'crítico', ',', 'como', 'energia', ',', 'saúde', 'e', 'transporte', ',', 'poder', 'gerar', 'crise', 'de', 'grande', 'proporção', ',', 'afetar', 'diretamente', 'o', 'vida', 'de', 'milhão', 'de', 'pessoa', '.']]]
9;[[['Por', 'isso', ',', 'países', 'investem', 'em', 'centros', 'de', 'defesa', 'digital', ',', 'cooperação', 'internacional', 'e', 'programas', 'de', 'inteligência', 'capazes', 'de', 'detectar', 'e', 'neutralizar', 'ameaças', 'antes', 'que', 'elas', 'causem', 'danos', 'significativos', ',', 'fortalecendo', 'a', 'resiliência', 'das', 'nações', 'contra', 'ataques', 'cibernéticos', '.'], ['ADP', 'PRON', 'PUNCT', 'NOUN', 'VERB', 'ADP', 'NOUN', 'ADP', 'NOUN', 'ADJ', 'PUNCT', 'NOUN', 'ADJ', 'CCONJ', 'NOUN', 'ADP', 'NOUN', 'ADJ', 'SCONJ', 'VERB', 'CCONJ', 'VERB', 'NOUN', 'ADV', 'SCONJ', 'PRON', 'VERB', 'NOUN', 'ADJ', 'PUNCT', 'VERB', 'DET', 'NOUN', 'ADP', 'NOUN', 'ADP', 'NOUN', 'ADJ', 'PUNCT'], ['investem', 'detectar', 'neutralizar', 'causem', 'fortalecendo'], ['por', 'isso', ',', 'país', 'investir', 'em', 'centro', 'de', 'defesa', 'digital', ',', 'cooperação', 'internacional', 'e', 'programa', 'de', 'inteligência', 'capaz', 'de', 'detectar', 'e', 'neutralizar', 'ameaça', 'antes', 'que', 'ele', 'causar', 'dano', 'significativo', ',', 'fortalecer', 'o', 'resiliência', 'de o', 'nação', 'contra', 'ataque', 'cibernético', '.']]]
10;[[['No', 'âmbito', 'pessoal', ',', 'cada', 'indivíduo', 'deve', 'assumir', 'responsabilidade', 'pela', 'própria', 'segurança', 'digital', ',', 'adotando', 'práticas', 'simples', ',', 'mas', 'eficazes', ',', 'como', 'manter', 'backups', 'atualizados', ',', 'evitar', 'redes', 'Wi-Fi', 'públicas', 'sem', 'proteção', 'e', 'desconfiar', 'de', 'links', 'desconhecidos', '.'], ['ADP', 'NOUN', 'ADJ', 'PUNCT', 'DET', 'NOUN', 'VERB', 'VERB', 'NOUN', 'ADP', 'DET', 'NOUN', 'ADJ', 'PUNCT', 'VERB', 'NOUN', 'ADJ', 'PUNCT', 'CCONJ', 'ADJ', 'PUNCT', 'SCONJ', 'VERB', 'NOUN', 'VERB', 'PUNCT', 'VERB', 'NOUN', 'PROPN', 'ADJ', 'ADP', 'NOUN', 'CCONJ', 'VERB', 'ADP', 'NOUN', 'VERB', 'PUNCT'], ['deve assumir', 'adotando', 'manter', 'atualizados', 'evitar', 'desconfiar', 'desconhecidos'], ['em o', 'âmbito', 'pessoal', ',', 'cada', 'indivíduo', 'dever', 'assumir', 'responsabilidade', 'por o', 'próprio', 'segurança', 'digital', ',', 'adotar', 'prática', 'simples', ',', 'mas', 'eficaz', ',', 'como', 'manter', 'backup', 'atualizar', ',', 'evitar', 'rede', 'Wi-Fi', 'público', 'sem', 'proteção', 'e', 'desconfiar', 'de', 'link', 'desconhecir', '.']]]
11;[[['A', 'segurança', 'cibernética', 'não', 'é', 'um', 'estado', 'permanente', ',', 'mas', 'sim', 'um', 'processo', 'contínuo', ',', 'que', 'exige', 'adaptação', 'constante', 'diante', 'de', 'novas', 'ameaças', 'que', 'surgem', 'diariamente', ',', 'impulsionadas', 'pela', 'criatividade', 'e', 'persistência', 'dos', 'criminosos', 'digitais', '.'], ['DET', 'NOUN', 'ADJ', 'ADV', 'AUX', 'DET', 'NOUN', 'ADJ', 'PUNCT', 'CCONJ', 'ADV', 'DET', 'NOUN', 'ADJ', 'PUNCT', 'PRON', 'VERB', 'NOUN', 'ADJ', 'ADV', 'ADP', 'ADJ', 'NOUN', 'PRON', 'VERB', 'ADV', 'PUNCT', 'VERB', 'ADP', 'NOUN', 'CCONJ', 'NOUN', 'ADP', 'NOUN', 'ADJ', 'PUNCT'], ['exige', 'surgem', 'impulsionadas'], ['o', 'segurança', 'cibernético', 'não', 'ser', 'um', 'estado', 'permanente', ',', 'mas', 'sim', 'um', 'processo', 'contínuo', ',', 'que', 'exigir', 'adaptação', 'constante', 'diante', 'de', 'novo', 'ameaça', 'que', 'surgir', 'diariamente', ',', 'impulsionar', 'por o', 'criatividade', 'e', 'persistência', 'de o', 'criminoso', 'digital', '.']]]
12;[[['Empresas', 'inovadoras', 'investem', 'em', 'inteligência', 'artificial', 'e', 'aprendizado', 'de', 'máquina', 'para', 'identificar', 'padrões', 'suspeitos', 'e', 'prevenir', 'ataques', ',', 'criando', 'sistemas', 'capazes', 'de', 'reagir', 'rapidamente', 'a', 'comportamentos', 'anômalos', 'em', 'redes', 'corporativas', 'e', 'pessoais', '.'], ['NOUN', 'ADJ', 'VERB', 'ADP', 'NOUN', 'ADJ', 'CCONJ', 'NOUN', 'ADP', 'NOUN', 'SCONJ', 'VERB', 'NOUN', 'ADJ', 'CCONJ', 'VERB', 'NOUN', 'PUNCT', 'VERB', 'NOUN', 'ADJ', 'SCONJ', 'VERB', 'ADV', 'ADP', 'NOUN', 'ADJ', 'ADP', 'NOUN', 'ADJ', 'CCONJ', 'ADJ', 'PUNCT'], ['investem', 'identificar', 'prevenir', 'criando', 'reagir'], ['empresa', 'inovadoro', 'investir', 'em', 'inteligência', 'artificial', 'e', 'aprendizado', 'de', 'máquina', 'para', 'identificar', 'padrão', 'suspeito', 'e', 'prevenir', 'ataque', ',', 'criar', 'sistema', 'capaz', 'de', 'reagir', 'rapidamente', 'a', 'comportamento', 'anômalo', 'em', 'rede', 'corporativo', 'e', 'pessoal', '.']]]
13;[[['A', 'colaboração', 'entre', 'setores', 'público', 'e', 'privado', 'é', 'indispensável', ',', 'pois', 'apenas', 'com', 'esforços', 'conjuntos', 'é', 'possível', 'criar', 'estratégias', 'abrangentes', 'que', 'protejam', 'cidadãos', ',', 'empresas', 'e', 'governos', 'contra', 'ameaças', 'cada', 'vez', 'mais', 'sofisticadas', 'e', 'globais', '.'], ['DET', 'NOUN', 'ADP', 'NOUN', 'ADJ', 'CCONJ', 'ADJ', 'AUX', 'ADJ', 'PUNCT', 'SCONJ', 'ADV', 'ADP', 'NOUN', 'ADJ', 'AUX', 'ADJ', 'VERB', 'NOUN', 'ADJ', 'PRON', 'VERB', 'NOUN', 'PUNCT', 'NOUN', 'CCONJ', 'NOUN', 'ADP', 'NOUN', 'ADP', 'ADP', 'NOUN', 'ADJ', 'CCONJ', 'ADJ', 'PUNCT'], ['é indispensável', 'criar', 'protejam'], ['o', 'colaboração', 'entre', 'setor', 'público', 'e', 'privado', 'ser', 'indispensável', ',', 'pois', 'apenas', 'com', 'esforço', 'conjunto', 'ser', 'possível', 'criar', 'estratégia', 'abrangente', 'que', 'protejir', 'cidadão', ',', 'empresa', 'e', 'governo', 'contra', 'ameaça', 'cada', 'vez', 'mais', 'sofisticado', 'e', 'global', '.']]]
14;[[['A', 'confiança', 'no', 'ambiente', 'digital', 'depende', 'diretamente', 'da', 'segurança', 'cibernética', ',', 'pois', 'sem', 'ela', 'não', 'seria', 'possível', 'realizar', 'transações', 'bancárias', 'online', ',', 'compartilhar', 'informações', 'confidenciais', 'ou', 'desenvolver', 'inovações', 'tecnológicas', 'em', 'escala', 'global', '.'], ['DET', 'NOUN', 'ADP', 'NOUN', 'ADJ', 'VERB', 'ADV', 'ADP', 'NOUN', 'ADJ', 'PUNCT', 'SCONJ', 'ADP', 'PRON', 'ADV', 'AUX', 'ADJ', 'VERB', 'NOUN', 'ADJ', 'PROPN', 'PUNCT', 'VERB', 'NOUN', 'ADJ', 'CCONJ', 'VERB', 'NOUN', 'ADJ', 'ADP', 'NOUN', 'ADJ', 'PUNCT'], ['depende', 'realizar', 'compartilhar', 'desenvolver'], ['o', 'confiança', 'em o', 'ambiente', 'digital', 'depender', 'diretamente', 'de o', 'segurança', 'cibernético', ',', 'pois', 'sem', 'ela', 'não', 'ser', 'possível', 'realizar', 'transação', 'bancário', 'online', ',', 'compartilhar', 'informação', 'confidencial', 'ou', 'desenvolver', 'inovação', 'tecnológico', 'em', 'escala', 'global', '.']]]
15;[[['Investir', 'em', 'segurança', 'digital', 'é', 'investir', 'no', 'futuro', ',', 'garantindo', 'que', 'a', 'sociedade', 'possa', 'usufruir', 'dos', 'benefícios', 'da', 'tecnologia', 'sem', 'estar', 'constantemente', 'vulnerável', 'a', 'ataques', 'que', 'podem', 'comprometer', 'vidas', ',', 'negócios', 'e', 'governos', '.'], ['VERB', 'ADP', 'NOUN', 'ADJ', 'AUX', 'VERB', 'ADP', 'NOUN', 'PUNCT', 'VERB', 'SCONJ', 'DET', 'NOUN', 'VERB', 'VERB', 'ADP', 'NOUN', 'ADP', 'NOUN', 'SCONJ', 'AUX', 'ADV', 'ADJ', 'ADP', 'NOUN', 'PRON', 'VERB', 'VERB', 'NOUN', 'PUNCT', 'NOUN', 'CCONJ', 'NOUN', 'PUNCT'], ['Investir', 'investir', 'garantindo', 'possa usufruir', 'podem comprometer'], ['investir', 'em', 'segurança', 'digital', 'ser', 'investir', 'em o', 'futuro', ',', 'garantir', 'que', 'o', 'sociedade', 'poder', 'usufruir', 'de o', 'benefício', 'de o', 'tecnologia', 'sem', 'estar', 'constantemente', 'vulnerável', 'a', 'ataque', 'que', 'poder', 'comprometer', 'vida', ',', 'negócio', 'e', 'governo', '.']]]
16;[[['A', 'cultura', 'de', 'segurança', 'deve', 'ser', 'incorporada', 'em', 'todos', 'os', 'níveis', 'da', 'sociedade', ',', 'desde', 'escolas', 'que', 'ensinam', 'boas', 'práticas', 'digitais', 'até', 'empresas', 'que', 'treinam', 'seus', 'funcionários', 'para', 'receber', 'e', 'evitar', 'ameaças', '.'], ['DET', 'NOUN', 'ADP', 'NOUN', 'VERB', 'AUX', 'VERB', 'ADP', 'DET', 'DET', 'NOUN', 'ADP', 'NOUN', 'PUNCT', 'ADP', 'NOUN', 'PRON', 'VERB', 'ADJ', 'NOUN', 'ADJ', 'ADP', 'NOUN', 'PRON', 'VERB', 'DET', 'NOUN', 'SCONJ', 'VERB', 'CCONJ', 'VERB', 'NOUN', 'PUNCT'], ['deve ser incorporada', 'ensinam', 'treinam', 'receber', 'evitar'], ['o', 'cultura', 'de', 'segurança', 'dever', 'ser', 'incorporar', 'em', 'todo', 'o', 'nível', 'de o', 'sociedade', ',', 'desde', 'escola', 'que', 'ensinar', 'bom', 'prática', 'digital', 'até', 'empresa', 'que', 'treinar', 'seu', 'funcionário', 'para', 'receber', 'e', 'evitar', 'ameaça', '.']]]
17;[[['A', 'engenharia', 'social', 'continua', 'sendo', 'uma', 'das', 'maiores', 'armas', 'dos', 'criminosos', ',', 'explorando', 'a', 'ingenuidade', 'ou', 'distração', 'das', 'pessoas', 'para', 'obter', 'acesso', 'a', 'informações', 'valiosas', ',', 'mostrando', 'que', 'a', 'segurança', 'depende', 'tanto', 'de', 'comportamento', 'quanto', 'de', 'tecnologia', '.'], ['DET', 'NOUN', 'ADJ', 'VERB', 'AUX', 'NUM', 'ADP', 'ADJ', 'NOUN', 'ADP', 'NOUN', 'PUNCT', 'VERB', 'DET', 'NOUN', 'CCONJ', 'NOUN', 'ADP', 'NOUN', 'SCONJ', 'VERB', 'NOUN', 'ADP', 'NOUN', 'ADJ', 'PUNCT', 'VERB', 'SCONJ', 'DET', 'NOUN', 'VERB', 'ADV', 'ADP', 'NOUN', 'ADV', 'ADP', 'NOUN', 'PUNCT'], ['continua sendo', 'explorando', 'obter', 'mostrando', 'depende'], ['o', 'engenharia', 'social', 'continuar', 'ser', 'um', 'de o', 'grande', 'arma', 'de o', 'criminoso', ',', 'explorar', 'o', 'ingenuidade', 'ou', 'distração', 'de o', 'pessoa', 'para', 'obter', 'acesso', 'a', 'informação', 'valioso', ',', 'mostrar', 'que', 'o', 'segurança', 'depender', 'tanto', 'de', 'comportamento', 'quanto', 'de', 'tecnologia', '.']]]
18;[[['O', 'uso', 'de', 'senhas', 'fortes', 'e', 'únicas', 'para', 'cada', 'serviço', 'é', 'uma', 'prática', 'simples', ',', 'mas', 'muitas', 'vezes', 'negligenciada', ',', 'que', 'pode', 'evitar', 'invasões', 'e', 'proteger', 'dados', 'pessoais', 'contra', 'acessos', 'não', 'autorizados', '.'], ['DET', 'NOUN', 'ADP', 'NOUN', 'ADJ', 'CCONJ', 'ADJ', 'ADP', 'DET', 'NOUN', 'AUX', 'DET', 'NOUN', 'ADJ', 'PUNCT', 'CCONJ', 'DET', 'NOUN', 'VERB', 'PUNCT', 'PRON', 'VERB', 'VERB', 'NOUN', 'CCONJ', 'VERB', 'NOUN', 'ADJ', 'ADP', 'NOUN', 'ADV', 'VERB', 'PUNCT'], ['negligenciada', 'pode evitar', 'proteger', 'autorizados'], ['o', 'uso', 'de', 'senha', 'forte', 'e', 'único', 'para', 'cada', 'serviço', 'ser', 'um', 'prática', 'simples', ',', 'mas', 'muito', 'vez', 'negligenciar', ',', 'que', 'poder', 'evitar', 'invasão', 'e', 'proteger', 'dado', 'pessoal', 'contra', 'acesso', 'não', 'autorizar', '.']]]
19;[[['A', 'autenticação', 'multifatorial', 'é', 'outra', 'ferramenta', 'poderosa', ',', 'adicionando', 'camadas', 'extras', 'de', 'proteção', 'que', 'dificultam', 'a', 'ação', 'de', 'invasores', ',', 'mesmo', 'que', 'consigam', 'obter', 'senhas', 'por', 'meio', 'de', 'ataques', 'ou', 'vazamentos', '.'], ['DET', 'NOUN', 'ADJ', 'AUX', 'DET', 'NOUN', 'ADJ', 'PUNCT', 'VERB', 'NOUN', 'ADJ', 'ADP', 'NOUN', 'PRON', 'VERB', 'DET', 'NOUN', 'ADP', 'NOUN', 'PUNCT', 'ADV', 'SCONJ', 'VERB', 'VERB', 'NOUN', 'ADP', 'NOUN', 'ADP', 'NOUN', 'CCONJ', 'NOUN', 'PUNCT'], ['adicionando', 'dificultam', 'consigam obter'], ['o', 'autenticação', 'multifatorial', 'ser', 'outro', 'ferramenta', 'poderoso', ',', 'adicionar', 'camada', 'extr', 'de', 'proteção', 'que', 'dificultar', 'o', 'ação', 'de', 'invasor', ',', 'mesmo', 'que', 'consigir', 'obter', 'senha', 'por', 'meio', 'de', 'ataque', 'ou', 'vazamento', '.']]]
20;[[['Empresas', 'que', 'não', 'investem', 'em', 'segurança', 'digital', 'correm', 'riscos', 'não', 'apenas', 'financeiros', ',', 'mas', 'também', 'reputacionais', ',', 'pois', 'a', 'perda', 'de', 'confiança', 'dos', 'clientes', 'pode', 'ser', 'devastadora', 'e', 'difícil', 'de', 'recuperar', '.'], ['NOUN', 'PRON', 'ADV', 'VERB', 'ADP', 'NOUN', 'ADJ', 'VERB', 'NOUN', 'ADV', 'ADV', 'NOUN', 'PUNCT', 'CCONJ', 'ADV', 'ADJ', 'PUNCT', 'SCONJ', 'DET', 'NOUN', 'ADP', 'NOUN', 'ADP', 'NOUN', 'VERB', 'AUX', 'ADJ', 'CCONJ', 'ADJ', 'SCONJ', 'VERB', 'PUNCT'], ['investem', 'correm', 'pode ser', 'recuperar'], ['empresa', 'que', 'não', 'investir', 'em', 'segurança', 'digital', 'correr', 'risco', 'não', 'apenas', 'financeiro', ',', 'mas', 'também', 'reputacional', ',', 'pois', 'o', 'perda', 'de', 'confiança', 'de o', 'cliente', 'poder', 'ser', 'devastador', 'e', 'difícil', 'de', 'recuperar', '.']]]
21;[[['A', 'segurança', 'cibernética', 'também', 'envolve', 'proteção', 'contra', 'espionagem', 'industrial', ',', 'onde', 'concorrentes', 'podem', 'tentar', 'roubar', 'segredos', 'comerciais', 'ou', 'informações', 'estratégicas', 'para', 'obter', 'vantagens', 'no', 'mercado', '.'], ['DET', 'NOUN', 'ADJ', 'ADV', 'VERB', 'NOUN', 'ADP', 'NOUN', 'ADJ', 'PUNCT', 'PRON', 'NOUN', 'VERB', 'VERB', 'VERB', 'NOUN', 'ADJ', 'CCONJ', 'NOUN', 'ADJ', 'SCONJ', 'VERB', 'NOUN', 'ADP', 'NOUN', 'PUNCT'], ['envolve', 'podem tentar roubar', 'obter'], ['o', 'segurança', 'cibernético', 'também', 'envolver', 'proteção', 'contra', 'espionagem', 'industrial', ',', 'onde', 'concorrente', 'poder', 'tentar', 'roubar', 'segredo', 'comercial', 'ou', 'informação', 'estratégico', 'para', 'obter', 'vantagem', 'em o', 'mercado', '.']]]
22;[[['A', 'criptografia', 'é', 'uma', 'das', 'ferramentas', 'mais', 'eficazes', 'para', 'proteger', 'dados', ',', 'garantindo', 'que', 'apenas', 'pessoas', 'autorizadas', 'possam', 'acessar', 'informações', 'sensíveis', ',', 'mesmo', 'que', 'elas', 'sejam', 'interceptadas', 'durante', 'a', 'transmissão', '.'], ['DET', 'NOUN', 'AUX', 'NUM', 'ADP', 'NOUN', 'ADV', 'ADJ', 'SCONJ', 'VERB', 'NOUN', 'PUNCT', 'VERB', 'SCONJ', 'ADV', 'NOUN', 'VERB', 'VERB', 'VERB', 'NOUN', 'ADJ', 'PUNCT', 'ADV', 'SCONJ', 'PRON', 'AUX', 'VERB', 'ADP', 'DET', 'NOUN', 'PUNCT'], ['proteger', 'garantindo', 'autorizadas possam acessar', 'sejam interceptadas'], ['o', 'criptografia', 'ser', 'um', 'de o', 'ferramenta', 'mais', 'eficaz', 'para', 'proteger', 'dado', ',', 'garantir', 'que', 'apenas', 'pessoa', 'autorizar', 'poder', 'acessar', 'informação', 'sensível', ',', 'mesmo', 'que', 'ele', 'ser', 'interceptar', 'durante', 'o', 'transmissão', '.']]]
23;[[['O', 'monitoramento', 'constante', 'de', 'redes', 'é', 'essencial', 'para', 'detectar', 'atividades', 'suspeitas', 'em', 'tempo', 'real', ',', 'permitindo', 'respostas', 'rápidas', 'que', 'podem', 'impedir', 'ataques', 'antes', 'que', 'eles', 'causem', 'danos', 'significativos', '.'], ['DET', 'NOUN', 'ADJ', 'ADP', 'NOUN', 'AUX', 'ADJ', 'SCONJ', 'VERB', 'NOUN', 'ADJ', 'ADP', 'NOUN', 'ADJ', 'PUNCT', 'VERB', 'NOUN', 'ADJ', 'PRON', 'VERB', 'VERB', 'NOUN', 'ADV', 'SCONJ', 'PRON', 'VERB', 'NOUN', 'ADJ', 'PUNCT'], ['é essencial', 'detectar', 'permitindo', 'podem impedir', 'causem'], ['o', 'monitoramento', 'constante', 'de', 'rede', 'ser', 'essencial', 'para', 'detectar', 'atividade', 'suspeito', 'em', 'tempo', 'real', ',', 'permitir', 'resposta', 'rápido', 'que', 'poder', 'impedir', 'ataque', 'antes', 'que', 'eles', 'causar', 'dano', 'significativo', '.']]]
24;[[['A', 'segurança', 'cibernética', 'deve', 'ser', 'vista', 'como', 'um', 'investimento', 'estratégico', ',', 'e', 'não', 'apenas', 'como', 'um', 'custo', 'operacional', ',', 'pois', 'sua', 'ausência', 'pode', 'comprometer', 'a', 'sobrevivência', 'de', 'empresas', 'e', 'instituições', '.'], ['DET', 'NOUN', 'ADJ', 'VERB', 'AUX', 'VERB', 'ADP', 'DET', 'NOUN', 'ADJ', 'PUNCT', 'CCONJ', 'ADV', 'ADV', 'ADP', 'DET', 'NOUN', 'ADJ', 'PUNCT', 'SCONJ', 'DET', 'NOUN', 'VERB', 'VERB', 'DET', 'NOUN', 'ADP', 'NOUN', 'CCONJ', 'NOUN', 'PUNCT'], ['deve ser vista', 'pode comprometer'], ['o', 'segurança', 'cibernético', 'dever', 'ser', 'ver', 'como', 'um', 'investimento', 'estratégico', ',', 'e', 'não', 'apenas', 'como', 'um', 'custo', 'operacional', ',', 'pois', 'seu', 'ausência', 'poder', 'comprometer', 'o', 'sobrevivência', 'de', 'empresa', 'e', 'instituição', '.']]]
25;[[['A', 'cooperação', 'internacional', 'é', 'fundamental', ',', 'já', 'que', 'ataques', 'cibernéticos', 'não', 'respeitam', 'fronteiras', 'e', 'podem', 'ser', 'coordenados', 'a', 'partir', 'de', 'qualquer', 'lugar', 'do', 'mundo', ',', 'exigindo', 'respostas', 'globais', 'e', 'integradas', '.'], ['DET', 'NOUN', 'ADJ', 'AUX', 'ADJ', 'PUNCT', 'ADV', 'SCONJ', 'NOUN', 'ADJ', 'ADV', 'VERB', 'NOUN', 'CCONJ', 'VERB', 'AUX', 'VERB', 'ADP', 'NOUN', 'ADP', 'DET', 'NOUN', 'ADP', 'NOUN', 'PUNCT', 'VERB', 'NOUN', 'ADJ', 'CCONJ', 'VERB', 'PUNCT'], ['é fundamental', 'respeitam', 'podem ser', 'coordenados', 'exigindo', 'integradas'], ['o', 'cooperação', 'internacional', 'ser', 'fundamental', ',', 'já', 'que', 'ataque', 'cibernético', 'não', 'respeitar', 'fronteira', 'e', 'poder', 'ser', 'coordenar', 'a', 'partir', 'de', 'qualquer', 'lugar', 'de o', 'mundo', ',', 'exigir', 'resposta', 'global', 'e', 'integrar', '.']]]
26;[[['A', 'formação', 'de', 'profissionais', 'especializados', 'em', 'segurança', 'digital', 'é', 'cada', 'vez', 'mais', 'necessária', ',', 'pois', 'a', 'demanda', 'por', 'especialistas', 'cresce', 'em', 'ritmo', 'acelerado', 'diante', 'da', 'complexidade', 'das', 'ameaças', '.'], ['DET', 'NOUN', 'ADP', 'NOUN', 'VERB', 'ADP', 'NOUN', 'ADJ', 'AUX', 'NOUN', 'ADP', 'ADV', 'ADJ', 'PUNCT', 'SCONJ', 'DET', 'NOUN', 'ADP', 'NOUN', 'VERB', 'ADP', 'NOUN', 'VERB', 'ADV', 'DET', 'NOUN', 'ADP', 'NOUN', 'PUNCT'], ['especializados', 'cresce', 'acelerado'], ['o', 'formação', 'de', 'profissional', 'especializar', 'em', 'segurança', 'digital', 'ser', 'cada', 'vez', 'mais', 'necessário', ',', 'pois', 'o', 'demanda', 'por', 'especialista', 'crescer', 'em', 'ritmo', 'acelerar', 'diante', 'de o', 'complexidade', 'de o', 'ameaça', '.']]]
27;[[['Universidades', 'e', 'centros', 'de', 'pesquisa', 'desempenham', 'papel', 'importante', 'na', 'criação', 'de', 'novas', 'tecnologias', 'e', 'metodologias', 'que', 'fortalecem', 'a', 'segurança', 'cibernética', 'e', 'preparam', 'profissionais', 'para', 'enfrentar', 'desafios', 'futuros', '.'], ['PROPN', 'CCONJ', 'NOUN', 'ADP', 'NOUN', 'VERB', 'NOUN', 'ADJ', 'ADP', 'NOUN', 'ADP', 'ADJ', 'NOUN', 'CCONJ', 'NOUN', 'PRON', 'VERB', 'DET', 'NOUN', 'ADJ', 'CCONJ', 'VERB', 'NOUN', 'SCONJ', 'VERB', 'NOUN', 'ADJ', 'PUNCT'], ['desempenham', 'fortalecem', 'preparam', 'enfrentar'], ['Universidades', 'e', 'centro', 'de', 'pesquisa', 'desempenhar', 'papel', 'importante', 'em o', 'criação', 'de', 'novo', 'tecnologia', 'e', 'metodologia', 'que', 'fortalecer', 'o', 'segurança', 'cibernético', 'e', 'preparar', 'profissional', 'para', 'enfrentar', 'desafio', 'futuro', '.']]]
28;[[['A', 'segurança', 'cibernética', 'também', 'envolve', 'ética', ',', 'pois', 'proteger', 'dados', 'significa', 'respeitar', 'a', 'privacidade', 'e', 'os', 'direitos', 'fundamentais', 'dos', 'cidadãos', 'em', 'um', 'mundo', 'cada', 'vez', 'mais', 'digitalizado', '.'], ['DET', 'NOUN', 'ADJ', 'ADV', 'VERB', 'NOUN', 'PUNCT', 'SCONJ', 'VERB', 'NOUN', 'VERB', 'VERB', 'DET', 'NOUN', 'CCONJ', 'DET', 'NOUN', 'ADJ', 'ADP', 'NOUN', 'ADP', 'DET', 'NOUN', 'NOUN', 'ADP', 'ADV', 'ADJ', 'PUNCT'], ['envolve', 'proteger', 'significa respeitar'], ['o', 'segurança', 'cibernético', 'também', 'envolver', 'ética', ',', 'pois', 'proteger', 'dado', 'significar', 'respeitar', 'o', 'privacidade', 'e', 'o', 'direito', 'fundamental', 'de o', 'cidadão', 'em', 'um', 'mundo', 'cada', 'vez', 'mais', 'digitalizado', '.']]]
29;[[['Empresas', 'que', 'adotam', 'boas', 'práticas', 'de', 'segurança', 'digital', 'demonstram', 'responsabilidade', 'social', ',', 'fortalecendo', 'sua', 'imagem', 'e', 'criando', 'relações', 'de', 'confiança', 'com', 'clientes', 'e', 'parceiros', '.'], ['NOUN', 'PRON', 'VERB', 'ADJ', 'NOUN', 'ADP', 'NOUN', 'ADJ', 'VERB', 'NOUN', 'ADJ', 'PUNCT', 'VERB', 'DET', 'NOUN', 'CCONJ', 'VERB', 'NOUN', 'ADP', 'NOUN', 'ADP', 'NOUN', 'CCONJ', 'NOUN', 'PUNCT'], ['adotam', 'demonstram', 'fortalecendo', 'criando'], ['empresa', 'que', 'adotar', 'bom', 'prática', 'de', 'segurança', 'digital', 'demonstrar', 'responsabilidade', 'social', ',', 'fortalecer', 'seu', 'imagem', 'e', 'criar', 'relação', 'de', 'confiança', 'com', 'cliente', 'e', 'parceiro', '.']]]
30;[[['A', 'inovação', 'tecnológica', 'deve', 'caminhar', 'lado', 'a', 'lado', 'com', 'a', 'segurança', ',', 'garantindo', 'que', 'novos', 'produtos', 'e', 'serviços', 'sejam', 'desenvolvidos', 'com', 'proteção', 'integrada', 'desde', 'sua', 'concepção', '.'], ['DET', 'NOUN', 'ADJ', 'VERB', 'VERB', 'NOUN', 'ADP', 'NOUN', 'ADP', 'DET', 'NOUN', 'PUNCT', 'VERB', 'SCONJ', 'ADJ', 'NOUN', 'CCONJ', 'NOUN', 'AUX', 'VERB', 'ADP', 'NOUN', 'VERB', 'ADP', 'DET', 'NOUN', 'PUNCT'], ['deve caminhar', 'garantindo', 'sejam desenvolvidos', 'integrada'], ['o', 'inovação', 'tecnológico', 'dever', 'caminhar', 'lado', 'a', 'lado', 'com', 'o', 'segurança', ',', 'garantir', 'que', 'novo', 'produto', 'e', 'serviço', 'ser', 'desenvolvir', 'com', 'proteção', 'integrar', 'desde', 'seu', 'concepção', '.']]]
31;[[['A', 'segurança', 'cibernética', 'é', 'dinâmica', 'e', 'exige', 'atualização', 'constante', ',', 'pois', 'ferramentas', 'eficazes', 'hoje', 'podem', 'se', 'tornar', 'obsoletas', 'diante', 'das', 'novas', 'técnicas', 'utilizadas', 'por', 'criminosos', 'digitais', 'amanhã', '.'], ['DET', 'NOUN', 'ADJ', 'AUX', 'ADJ', 'CCONJ', 'VERB', 'NOUN', 'ADJ', 'PUNCT', 'SCONJ', 'NOUN', 'ADJ', 'ADV', 'VERB', 'PRON', 'VERB', 'ADJ', 'ADV', 'DET', 'ADJ', 'NOUN', 'VERB', 'ADP', 'NOUN', 'ADJ', 'ADV', 'PUNCT'], ['é dinâmica', 'exige', 'podem', 'tornar', 'utilizadas'], ['o', 'segurança', 'cibernético', 'ser', 'dinâmico', 'e', 'exigir', 'atualização', 'constante', ',', 'pois', 'ferramenta', 'eficaz', 'hoje', 'poder', 'se', 'tornar', 'obsoleto', 'diante', 'de o', 'novo', 'técnica', 'utilizar', 'por', 'criminoso', 'digital', 'amanhã', '.']]]
32;[[['A', 'conscientização', 'coletiva', 'é', 'indispensável', ',', 'pois', 'apenas', 'com', 'a', 'participação', 'ativa', 'de', 'todos', 'os', 'cidadãos', 'é', 'possível', 'criar', 'um', 'ambiente', 'digital', 'mais', 'seguro', 'e', 'confiável', '.'], ['DET', 'NOUN', 'ADJ', 'AUX', 'ADJ', 'PUNCT', 'SCONJ', 'ADV', 'ADP', 'DET', 'NOUN', 'ADJ', 'ADP', 'DET', 'DET', 'NOUN', 'AUX', 'ADJ', 'VERB', 'DET', 'NOUN', 'ADJ', 'ADV', 'ADJ', 'CCONJ', 'ADJ', 'PUNCT'], ['é indispensável', 'criar'], ['o', 'conscientização', 'coletivo', 'ser', 'indispensável', ',', 'pois', 'apenas', 'com', 'o', 'participação', 'ativo', 'de', 'todo', 'o', 'cidadão', 'ser', 'possível', 'criar', 'um', 'ambiente', 'digital', 'mais', 'seguro', 'e', 'confiável', '.']]]
33;[[['A', 'segurança', 'cibernética', 'também', 'protege', 'a', 'democracia', ',', 'evitando', 'manipulações', 'digitais', 'que', 'possam', 'influenciar', 'processos', 'eleitorais', 'ou', 'disseminar', 'desinformação', 'em', 'larga', 'escala', '.'], ['DET', 'NOUN', 'ADJ', 'ADV', 'VERB', 'DET', 'NOUN', 'PUNCT', 'VERB', 'NOUN', 'ADJ', 'PRON', 'VERB', 'VERB', 'NOUN', 'ADJ', 'CCONJ', 'VERB', 'NOUN', 'ADP', 'ADJ', 'NOUN', 'PUNCT'], ['protege', 'evitando', 'possam influenciar', 'disseminar'], ['o', 'segurança', 'cibernético', 'também', 'proteger', 'o', 'democracia', ',', 'evitar', 'manipulação', 'digital', 'que', 'poder', 'influenciar', 'processo', 'eleitoral', 'ou', 'disseminar', 'desinformação', 'em', 'larga', 'escala', '.']]]
34;[[['O', 'combate', 'às', 'fake', 'news', 'é', 'parte', 'da', 'segurança', 'digital', ',', 'pois', 'informações', 'falsas', 'podem', 'causar', 'danos', 'sociais', 'e', 'políticos', 'tão', 'graves', 'quanto', 'ataques', 'técnicos', 'a', 'sistemas', '.'], ['DET', 'NOUN', 'ADP', 'PROPN', 'PROPN', 'AUX', 'NOUN', 'ADP', 'NOUN', 'ADJ', 'PUNCT', 'SCONJ', 'NOUN', 'ADJ', 'VERB', 'VERB', 'NOUN', 'ADJ', 'CCONJ', 'NOUN', 'ADV', 'ADJ', 'ADV', 'NOUN', 'ADJ', 'ADP', 'NOUN', 'PUNCT'], ['podem causar'], ['o', 'combate', 'a o', 'Fake', 'news', 'ser', 'parte', 'de o', 'segurança', 'digital', ',', 'pois', 'informação', 'falso', 'poder', 'causar', 'dano', 'social', 'e', 'político', 'tão', 'grave', 'quanto', 'ataque', 'técnico', 'a', 'sistema', '.']]]
35;[[['A', 'proteção', 'de', 'dados', 'pessoais', 'é', 'um', 'direito', 'fundamental', ',', 'e', 'sua', 'violação', 'pode', 'comprometer', 'não', 'apenas', 'indivíduos', ',', 'mas', 'também', 'a', 'estabilidade', 'de', 'instituições', 'e', 'governos', '.'], ['DET', 'NOUN', 'ADP', 'NOUN', 'ADJ', 'AUX', 'DET', 'NOUN', 'ADJ', 'PUNCT', 'CCONJ', 'DET', 'NOUN', 'VERB', 'VERB', 'ADV', 'ADV', 'NOUN', 'PUNCT', 'CCONJ', 'ADV', 'DET', 'NOUN', 'ADP', 'NOUN', 'CCONJ', 'NOUN', 'PUNCT'], ['pode comprometer'], ['o', 'proteção', 'de', 'dado', 'pessoal', 'ser', 'um', 'direito', 'fundamental', ',', 'e', 'seu', 'violação', 'poder', 'comprometer', 'não', 'apenas', 'indivíduo', ',', 'mas', 'também', 'o', 'estabilidade', 'de', 'instituição', 'e', 'governo', '.']]]
36;[[['A', 'segurança', 'cibernética', 'deve', 'ser', 'vista', 'como', 'responsabilidade', 'compartilhada', ',', 'envolvendo', 'governos', ',', 'empresas', 'e', 'cidadãos', 'em', 'um', 'esforço', 'conjunto', 'para', 'proteger', 'o', 'mundo', 'digital', '.'], ['DET', 'NOUN', 'ADJ', 'VERB', 'AUX', 'VERB', 'ADP', 'NOUN', 'VERB', 'PUNCT', 'VERB', 'NOUN', 'PUNCT', 'NOUN', 'CCONJ', 'NOUN', 'ADP', 'DET', 'NOUN', 'ADJ', 'SCONJ', 'VERB', 'DET', 'NOUN', 'ADJ', 'PUNCT'], ['deve ser vista', 'compartilhada', 'envolvendo', 'proteger'], ['o', 'segurança', 'cibernético', 'dever', 'ser', 'ver', 'como', 'responsabilidade', 'compartilhar', ',', 'envolver', 'governo', ',', 'empresa', 'e', 'cidadão', 'em', 'um', 'esforço', 'conjunto', 'para', 'proteger', 'o', 'mundo', 'digital', '.']]]
37;[[['A', 'confiança', 'digital', 'é', 'construída', 'com', 'transparência', ',', 'responsabilidade', 'e', 'práticas', 'seguras', ',', 'criando', 'um', 'ambiente', 'onde', 'inovação', 'e', 'proteção', 'caminham', 'lado', 'a', 'lado', '.'], ['DET', 'NOUN', 'ADJ', 'AUX', 'VERB', 'ADP', 'NOUN', 'PUNCT', 'NOUN', 'CCONJ', 'NOUN', 'ADJ', 'PUNCT', 'VERB', 'DET', 'NOUN', 'PRON', 'NOUN', 'CCONJ', 'NOUN', 'VERB', 'NOUN', 'ADP', 'NOUN', 'PUNCT'], ['é construída', 'criando', 'caminham'], ['o', 'confiança', 'digital', 'ser', 'construir', 'com', 'transparência', ',', 'responsabilidade', 'e', 'prática', 'seguro', ',', 'criar', 'um', 'ambiente', 'onde', 'inovação', 'e', 'proteção', 'caminhar', 'lado', 'a', 'lado', '.']]]
38;[[['A', 'segurança', 'cibernética', 'é', 'um', 'processo', 'contínuo', 'que', 'exige', 'vigilância', ',', 'adaptação', 'e', 'comprometimento', ',', 'pois', 'as', 'ameaças', 'evoluem', 'constantemente', 'e', 'exigem', 'respostas', 'rápidas', 'e', 'eficazes', '.'], ['DET', 'NOUN', 'ADJ', 'AUX', 'DET', 'NOUN', 'ADJ', 'PRON', 'VERB', 'NOUN', 'PUNCT', 'NOUN', 'CCONJ', 'NOUN', 'PUNCT', 'SCONJ', 'DET', 'NOUN', 'VERB', 'ADV', 'CCONJ', 'VERB', 'NOUN', 'ADJ', 'CCONJ', 'ADJ', 'PUNCT'], ['exige', 'evoluem', 'exigem'], ['o', 'segurança', 'cibernético', 'ser', 'um', 'processo', 'contínuo', 'que', 'exigir', 'vigilância', ',', 'adaptação', 'e', 'comprometimento', ',', 'pois', 'o', 'ameaça', 'evoluir', 'constantemente', 'e', 'exigir', 'resposta', 'rápido', 'e', 'eficaz', '.']]]
39;[[['O', 'futuro', 'da', 'sociedade', 'digital', 'depende', 'diretamente', 'da', 'capacidade', 'de', 'proteger', 'informações', ',', 'sistemas', 'e', 'pessoas', 'contra', 'ataques', 'que', 'podem', 'comprometer', 'a', 'estabilidade', 'global', '.'], ['DET', 'PROPN', 'ADP', 'NOUN', 'ADJ', 'VERB', 'ADV', 'ADP', 'NOUN', 'SCONJ', 'VERB', 'NOUN', 'PUNCT', 'NOUN', 'CCONJ', 'NOUN', 'ADP', 'NOUN', 'PRON', 'VERB', 'VERB', 'DET', 'NOUN', 'ADJ', 'PUNCT'], ['depende', 'proteger', 'podem comprometer'], ['o', 'futuro', 'de o', 'sociedade', 'digital', 'depender', 'diretamente', 'de o', 'capacidade', 'de', 'proteger', 'informação', ',', 'sistema', 'e', 'pessoa', 'contra', 'ataque', 'que', 'poder', 'comprometer', 'o', 'estabilidade', 'global', '.']]]
40;[[['Em', 'conclusão', ',', 'investir', 'em', 'segurança', 'cibernética', 'é', 'investir', 'na', 'continuidade', 'da', 'vida', 'digital', ',', 'garantindo', 'que', 'possamos', 'usufruir', 'dos', 'benefícios', 'da', 'tecnologia', 'com', 'confiança', 'e', 'proteção', '.'], ['ADP', 'NOUN', 'PUNCT', 'VERB', 'ADP', 'NOUN', 'ADJ', 'AUX', 'VERB', 'ADP', 'NOUN', 'ADP', 'NOUN', 'ADJ', 'PUNCT', 'VERB', 'SCONJ', 'VERB', 'VERB', 'ADP', 'NOUN', 'ADP', 'NOUN', 'ADP', 'NOUN', 'CCONJ', 'NOUN', 'PUNCT'], ['investir', 'investir', 'garantindo', 'possamos usufruir'], ['em', 'conclusão', ',', 'investir', 'em', 'segurança', 'cibernético', 'ser', 'investir', 'em o', 'continuidade', 'de o', 'vida', 'digital', ',', 'garantir', 'que', 'possa', 'usufruir', 'de o', 'benefício', 'de o', 'tecnologia', 'com', 'confiança', 'e', 'proteção', '.']]]
